,30-Apr-96,31-May-96,30-Jun-96,31-Jul-96,31-Aug-96,30-Sep-96,31-Oct-96,30-Nov-96,31-Dec-96,31-Jan-97,28-Feb-97,31-Mar-97,30-Apr-97,31-May-97,30-Jun-97,31-Jul-97,31-Aug-97,30-Sep-97,31-Oct-97,30-Nov-97,31-Dec-97,31-Jan-98,28-Feb-98,31-Mar-98,30-Apr-98,31-May-98,30-Jun-98,31-Jul-98,31-Aug-98,30-Sep-98,31-Oct-98,30-Nov-98,31-Dec-98,31-Jan-99,28-Feb-99,31-Mar-99,30-Apr-99,31-May-99,30-Jun-99,31-Jul-99,31-Aug-99,30-Sep-99,31-Oct-99,30-Nov-99,31-Dec-99,31-Jan-00,29-Feb-00,31-Mar-00,30-Apr-00,31-May-00,30-Jun-00,31-Jul-00,31-Aug-00,30-Sep-00,31-Oct-00,30-Nov-00,31-Dec-00,31-Jan-01,28-Feb-01,31-Mar-01,30-Apr-01,31-May-01,30-Jun-01,31-Jul-01,31-Aug-01,30-Sep-01,31-Oct-01,30-Nov-01,31-Dec-01,31-Jan-02,28-Feb-02,31-Mar-02,30-Apr-02,31-May-02,30-Jun-02,31-Jul-02,31-Aug-02,30-Sep-02,31-Oct-02,30-Nov-02,31-Dec-02,31-Jan-03,28-Feb-03,31-Mar-03,30-Apr-03,31-May-03,30-Jun-03,31-Jul-03,31-Aug-03,30-Sep-03,31-Oct-03,30-Nov-03,31-Dec-03,31-Jan-04,29-Feb-04,31-Mar-04,30-Apr-04,31-May-04,30-Jun-04,31-Jul-04,31-Aug-04,30-Sep-04,31-Oct-04,30-Nov-04,31-Dec-04,31-Jan-05,28-Feb-05,31-Mar-05,30-Apr-05,31-May-05,30-Jun-05,31-Jul-05,31-Aug-05,30-Sep-05,31-Oct-05,30-Nov-05,31-Dec-05,31-Jan-06,28-Feb-06,31-Mar-06,30-Apr-06,31-May-06,30-Jun-06,31-Jul-06,31-Aug-06,30-Sep-06,31-Oct-06,30-Nov-06,31-Dec-06,31-Jan-07,28-Feb-07,31-Mar-07,30-Apr-07,31-May-07,30-Jun-07,31-Jul-07,31-Aug-07,30-Sep-07,31-Oct-07,30-Nov-07,31-Dec-07,31-Jan-08,29-Feb-08,31-Mar-08,30-Apr-08,31-May-08,30-Jun-08,31-Jul-08,31-Aug-08,30-Sep-08,31-Oct-08,30-Nov-08,31-Dec-08,31-Jan-09,28-Feb-09,31-Mar-09,30-Apr-09,31-May-09,30-Jun-09,31-Jul-09,31-Aug-09,30-Sep-09,31-Oct-09,30-Nov-09,31-Dec-09,31-Jan-10,28-Feb-10,31-Mar-10,30-Apr-10,31-May-10,30-Jun-10,31-Jul-10,31-Aug-10,30-Sep-10,31-Oct-10,30-Nov-10,31-Dec-10,31-Jan-11,28-Feb-11,31-Mar-11,30-Apr-11,31-May-11,30-Jun-11,31-Jul-11,31-Aug-11,30-Sep-11,31-Oct-11,30-Nov-11,31-Dec-11,31-Jan-12,29-Feb-12,31-Mar-12,30-Apr-12,31-May-12,30-Jun-12,31-Jul-12,31-Aug-12,30-Sep-12,31-Oct-12,30-Nov-12,31-Dec-12,31-Jan-13,28-Feb-13,31-Mar-13,30-Apr-13,31-May-13,30-Jun-13,31-Jul-13,31-Aug-13,30-Sep-13,31-Oct-13,30-Nov-13,31-Dec-13,31-Jan-14,28-Feb-14,31-Mar-14,30-Apr-14,31-May-14,30-Jun-14,31-Jul-14,31-Aug-14,30-Sep-14,31-Oct-14,30-Nov-14,31-Dec-14,31-Jan-15,28-Feb-15,31-Mar-15,30-Apr-15,31-May-15,30-Jun-15,31-Jul-15,31-Aug-15,30-Sep-15,31-Oct-15,30-Nov-15,31-Dec-15,31-Jan-16,29-Feb-16,31-Mar-16,30-Apr-16,31-May-16,30-Jun-16,31-Jul-16,31-Aug-16,30-Sep-16,31-Oct-16,30-Nov-16,31-Dec-16,31-Jan-17,28-Feb-17,31-Mar-17,30-Apr-17,31-May-17,30-Jun-17,31-Jul-17,31-Aug-17,30-Sep-17,31-Oct-17,30-Nov-17,31-Dec-17,31-Jan-18,28-Feb-18,31-Mar-18,30-Apr-18,31-May-18,30-Jun-18,31-Jul-18,31-Aug-18,30-Sep-18,31-Oct-18,30-Nov-18,31-Dec-18,31-Jan-19,28-Feb-19,31-Mar-19,30-Apr-19,31-May-19,30-Jun-19,31-Jul-19,31-Aug-19,30-Sep-19,31-Oct-19,30-Nov-19,31-Dec-19,31-Jan-20,29-Feb-20,31-Mar-20,30-Apr-20,31-May-20,30-Jun-20,31-Jul-20,31-Aug-20,30-Sep-20,31-Oct-20,30-Nov-20,31-Dec-20,31-Jan-21,28-Feb-21,31-Mar-21,30-Apr-21,31-May-21,30-Jun-21,31-Jul-21,31-Aug-21,30-Sep-21,31-Oct-21,30-Nov-21,31-Dec-21,31-Jan-22,28-Feb-22,31-Mar-22,30-Apr-22,31-May-22,30-Jun-22
iShares Asia 50 ETF,,,,,,,,,,,,,,,,,,,,,,,,,,,,,,,,,,,,,,,,,,,,,,,,,,,,,,,,,,,,,,,,,,,,,,,,,,,,,,,,,,,,,,,,,,,,,,,,,,,,,,,,,,,,,,,,,,,,,,,,,,,,,,,,,,,,,,,,,,,,,-1.34,-13.64,0.61,-0.72,6.12,-3.89,-9.88,0.97,2.03,-6.51,-5.94,-6.16,0.97,2.59,-5.84,3.55,9.06,2.38,-2.04,11.09,-4.58,3.98,-3.63,0.41,6.52,-4.25,-1.19,3.61,1.36,0.53,0.22,-0.84,-1.09,0.65,1.66,3.57,-0.17,5.04,-6.39,3.53,-2.84,1.91,-4.49,-1.72,-7.3,-1.51,2.47,-3.49,1.74,6.2,4.06,1.66,0.82,-3.89,-2.99,1.41,-0.15,6.13,0.12,2.17,4.38,-0.39,2.08,-4.23,1.65,6.46,-1.06,5.03,1.65,-0.29,2.08,5.25,-0.15,-3.85,0.33,-3.1,1.23,3.71,-0.25,5.94,-0.74,-1.37,2.61,3.37,2.61,8.04,1.37,3.63,5.18,0.07,-3.52,-1.96,-6.98,-1.16,8.19,-5.17,-1.25,-5.84,-1.24,3.75,-0.01,4.25,1.41,3.27,5.14,0.39,-0.59,1.71,-0.03,1.64,1.35,3.71,4.22,5.17,-1.1,1.34,1.72,1.11,8,2.58,-0.67,5,-1.72,0.52,2.89,-2.41,-2.34,0.18,1.69,-0.64,-10.12,2.03,0.74,5.86,2.37,1.1,4.16,-8.22,6.81,-0.84,-2.85,3.24,2.12,2.52,4.41,-0.92,3.41,-5.19,-0.24,-1.45,5.7,2.91,0.36,3,5.45,4.86,2.59,8.07,0.22,-1.09,-1.37,-1.18,3.92,-6.44,-0.44,-4.79,-1.6,1.42,-1.74,4.32,-9.21,-8.37,-0.8,0.93,0.42
iShares China Large-Cap ETF,,,,,,,,,,,,,,,,,,,,,,,,,,,,,,,,,,,,,,,,,,,,,,,,,,,,,,,,,,,,,,,,,,,,,,,,,,,,,,,,,,,,,,,,,,,,,,,,,,,,,,,,4.82,-2.38,-0.96,4.94,-3.43,-0.54,3.28,4.17,7.43,0.71,2.9,-8.5,7.3,3.96,10.4,5.85,5.59,-0.87,-4.16,4.67,-0.77,1.93,4.85,0.99,9.14,18.9,-4.86,-4.77,0.88,0.07,6.05,10.23,9.15,11.74,11.58,12.06,-8.72,-4.28,-21.64,4.48,-9.17,13.21,-4.91,-12.47,5.6,1.2,-13.03,-10.82,7.75,0.78,-1.04,-3.91,5.45,5.91,6.01,3.59,7.14,-8.06,-0.51,2.83,-0.07,0.6,-8.31,0.91,3.52,-1.89,5.37,1.43,-4.41,-2.36,-0.01,3.32,-0.44,-7.06,1.6,-2.96,3.9,-4.7,3.71,-5.33,-3.34,-6.54,-8.38,6.61,-5.6,3.04,7.6,2.79,-5.24,2.93,-5.8,-3.8,0.95,-2.64,5.23,6.38,0.44,6.88,3.87,-3.75,-7.43,2.01,5.61,-3.16,6.9,2.99,0.53,0.55,9.34,-2.42,-5.48,-0.58,-3.38,-2.26,4.86,1.28,11.97,-1.32,-0.24,4.5,5.15,7.3,6.43,3.43,3.71,12.88,-1.77,-5.41,-8.15,-7.66,-1.99,7.54,-5.94,-1.59,-10.03,-4.25,4.62,0.71,3.85,-0.08,1.2,7.07,-0.84,-0.85,4.07,-2.1,-0.06,2.27,1.29,2.32,4.92,-3.49,2.8,4.34,0.07,7.23,1.73,-0.88,10.04,-5.25,-1.48,3.95,-2.04,-3.98,-0.82,1.23,0.74,-6.33,3.8,-2.58,6.56,3.65,1.62,1.42,-7.82,5.44,-2.18,-2.63,1.63,1.22,1.34,4.14,-4.36,6.23,-2.74,-3.9,-0.2,-1.29,0.04,3.04,-1.42,7.17,1.57,-4.48,6.92,-1.48,-3.34,-2.2,-0.29,3.6,-10.63,1.57,-3.79,-0.37,0.31,-5.64,7.02,-10.68,-11.48,2.27,2.01,11.45
iShares Core Cash ETF,,,,,,,,,,,,,,,,,,,,,,,,,,,,,,,,,,,,,,,,,,,,,,,,,,,,,,,,,,,,,,,,,,,,,,,,,,,,,,,,,,,,,,,,,,,,,,,,,,,,,,,,,,,,,,,,,,,,,,,,,,,,,,,,,,,,,,,,,,,,,,,,,,,,,,,,,,,,,,,,,,,,,,,,,,,,,,,,,,,,,,,,,,,,,,,,,,,,,,,,,,,,,,,,,,,,,,,,,,,,,,,,,,,,,,,,,,,,,,,,,,,,,,,,,,,,,,,,,0.14,0.14,0.15,0.13,0.13,0.17,0.13,0.13,0.17,0.17,0.15,0.19,0.17,0.15,0.18,0.16,0.16,0.18,0.18,0.16,0.17,0.15,0.13,0.13,0.08,0.09,0.08,0.08,0.08,0.09,0.07,0.1,0.05,0.01,0.01,0.01,0.01,0.01,0.01,0.01,0.01,0,0,0,0,0,0,0,0,0,0,0,0,0,0,0,-0.01,0.03,0.05
iShares Core Composite Bond ETF,,,,,,,,,,,,,,,,,,,,,,,,,,,,,,,,,,,,,,,,,,,,,,,,,,,,,,,,,,,,,,,,,,,,,,,,,,,,,,,,,,,,,,,,,,,,,,,,,,,,,,,,,,,,,,,,,,,,,,,,,,,,,,,,,,,,,,,,,,,,,,,,,,,,,,,,,,,,,,,,,,,,,,,,,,,,,,,,,,,,,,,,,,,,,,,,,1.53,3.05,-0.14,0.37,0.6,0.91,0.03,-0.01,0.17,-0.24,0.57,-0.25,1.56,-0.09,-1.1,0.86,-0.34,0.5,-0.06,-0.13,0.52,1.07,0.33,0,0.89,1.35,0.79,0.28,0.98,-0.34,0.95,1.23,1.69,1.59,0.26,0.75,-1.12,0.01,-0.93,1.29,0.62,0.25,0.28,-0.89,0.32,1.21,1.02,-0.23,0.25,1.24,1.32,0.7,0.44,-0.24,-1.29,-1.46,-0.2,0.61,0.16,0.43,0.71,1.17,-0.92,0.23,-0.02,-0.34,1.09,0.86,-0.56,-0.26,0.29,0.8,-0.34,0.67,0.45,0.15,0.8,-0.46,0.49,0.23,1.48,0.63,0.93,1.79,0.29,1.69,1.01,0.96,1.49,-0.49,-0.51,0.8,-1.65,2.31,0.84,-0.22,-0.09,0.27,0.31,0.36,-0.43,1.07,0.26,-0.12,-0.28,-0.45,-3.61,0.79,0.55,0.25,0.68,1.75,0.09,-1.53,-3.59,2.08,0.08,-1.03,-1.23,-3.78,-1.52,-0.9,-1.49
iShares Core Corporate Bond ETF,,,,,,,,,,,,,,,,,,,,,,,,,,,,,,,,,,,,,,,,,,,,,,,,,,,,,,,,,,,,,,,,,,,,,,,,,,,,,,,,,,,,,,,,,,,,,,,,,,,,,,,,,,,,,,,,,,,,,,,,,,,,,,,,,,,,,,,,,,,,,,,,,,,,,,,,,,,,,,,,,,,,,,,,,,,,,,,,,,,,,,,,,,,,,,,,,,,,,,,,,,,,,,,,,,,,,,,,,,,,,,,,,,,,,,,,,,,,,,,,,,,,,,,,,,,,,,,,,,,,,,,,,,,,,,,,,,,,,,,,,,,,,,,,,,,0.86,0.94,0.26,0.41,0.6,0.78,0.01,-0.06,-1.78,0.11,0.55,0.18,0.29,0.96,0.07,-0.82,-2.89,1.05,0.19,-0.6,-1.14,-3.1,-1.4,-0.62,-1.4
iShares Core Global Corporate Bond (AUD Hedged) ETF,,,,,,,,,,,,,,,,,,,,,,,,,,,,,,,,,,,,,,,,,,,,,,,,,,,,,,,,,,,,,,,,,,,,,,,,,,,,,,,,,,,,,,,,,,,,,,,,,,,,,,,,,,,,,,,,,,,,,,,,,,,,,,,,,,,,,,,,,,,,,,,,,,,,,,,,,,,,,,,,,,,,,,,,,,,,,,,,,,,,,,,,,,,,,,,,,,,,,,,,,,,,,,,,,,,,,,,,,,,,,,,,,,,,,,,,,,,,,,0.09,1.18,2.48,1.04,0.04,2.17,1.56,0.62,-0.24,-1.08,-2.09,0.94,0.11,1.44,-0.24,0.88,1.01,0.03,0.6,0.64,-0.18,0.53,-0.02,0.76,-0.75,-1.07,0.15,-0.51,0.36,-0.41,0.62,0.34,-0.06,-1.19,-0.21,1.14,2.02,0.43,2.16,0.31,0.8,2.31,0.88,2.01,-0.51,0.2,0.16,0.24,1.98,0.04,-6.57,4.56,1.15,1.86,1.77,-1.08,0.11,-0.06,2.18,0.42,-1.01,-2.18,0.05,0.36,0.58,1.09,1.17,-0.24,-1.19,0.21,-0.1,-0.16,-2.82,-2.26,-1.5,-4.65,-0.18,-2.98
iShares Core MSCI Australia ESG Leaders ETF,,,,,,,,,,,,,,,,,,,,,,,,,,,,,,,,,,,,,,,,,,,,,,,,,,,,,,,,,,,,,,,,,,,,,,,,,,,,,,,,,,,,,,,,,,,,,,,,,,,,,,,,,,,,,,,,,,,,,,,,,,,,,,,,,,,,,,,,,,,,,,,,,,,,,,,,,,,,,,,,,,,,,,,,,,,,,,,,,,,,,,,,,,,,,,,,,,,,,,,,,,,,,,,,,,,,,,,,,,,,,,,,,,,,,,,,,,,,,,,,,,,,,,,,,,,,,,,,,,,,,,,,,,,,,,,,,,,,,,,,,,,,,,,,,,,,,,,,,,,,,,,,2.08,2.7,-2.71,1.3,1.03,3.67,-8.87,0.57,6.14,1.05,-4.35,-9.65
iShares Core MSCI World ex Australia ESG Leaders (AUD Hedged) ETF,,,,,,,,,,,,,,,,,,,,,,,,,,,,,,,,,,,,,,,,,,,,,,,,,,,,,,,,,,,,,,,,,,,,,,,,,,,,,,,,,,,,,,,,,,,,,,,,,,,,,,,,,,,,,,,,,,,,,,,,,,,,,,,,,,,,,,,,,,,,,,,,,,,,,,,,,,,,,,,,,,,,,,,,,,,,,,,,,,,,,,,,,,,,,,,,,,,,,,,,,,,,,,,,,,,,,,,,,,,,,,,,,,,,,,,,,,,,,,,,,,2.33,-0.93,3.81,0.81,0.42,-0.85,3.79,2.84,1.13,2.88,1.21,1.26,1.3,0.47,1.37,0.05,2.88,2.63,1.7,0.96,3.41,-3.89,-1.44,1.67,1.93,0.09,3.19,1.61,0.38,-7.27,1.25,-8.47,7.23,3.52,1.31,3.83,-5.96,5.47,1,-1.89,2.53,1.79,2.97,2.21,-0.93,-8.35,-14.58,9.2,4.73,2.08,2.97,5.54,-2.81,-2.51,11.2,3.61,-0.12,3.26,4.71,3.61,1.35,3.37,2.77,3.71,-4.31,6.91,-0.64,3.92,-6.36,-3.65,3.3,-8.34,-1.4,-7.26
iShares Core MSCI World ex Australia ESG Leaders ETF,,,,,,,,,,,,,,,,,,,,,,,,,,,,,,,,,,,,,,,,,,,,,,,,,,,,,,,,,,,,,,,,,,,,,,,,,,,,,,,,,,,,,,,,,,,,,,,,,,,,,,,,,,,,,,,,,,,,,,,,,,,,,,,,,,,,,,,,,,,,,,,,,,,,,,,,,,,,,,,,,,,,,,,,,,,,,,,,,,,,,,,,,,,,,,,,,,,,,,,,,,,,,,,,,,,,,,,,,,,,,,,,,,,,,,,,,,,,,,,,,,6.26,-3.44,1.82,1.45,-1.17,-1.66,5.48,4.36,-2.58,1.25,1.89,3.45,2.2,-2.22,-1.7,0.6,3.81,4.18,3.25,-1.81,1.38,-0.59,0.27,2.41,1.11,2.04,2.44,4.15,0.11,-5.85,-1.73,-4.58,4.1,5.68,1.17,4.51,-4.45,4.87,2.14,0.4,2.22,0.38,4.54,-0.87,3.74,-4.79,-9.51,3.43,3.56,-1.25,0.35,2.94,-0.23,-0.47,7.2,-0.23,0.25,2.27,5.46,2.81,1.56,5.75,4.95,4.14,-3.51,3.12,4.69,1.6,-3.45,-6.45,-0.43,-3.93,-2.1,-3.75
iShares Core S&P/ASX 200 ETF,,,,,,,,,,,,,,,,,,,,,,,,,,,,,,,,,,,,,,,,,,,,,,,,,,,,,,,,,,,,,,,,,,,,,,,,,,,,,,,,,,,,,,,,,,,,,,,,,,,,,,,,,,,,,,,,,,,,,,,,,,,,,,,,,,,,,,,,,,,,,,,,,,,,,,,,,,,,,,,,,,,,,,,,,,,,,,,,,,0.17,2.34,0.77,-0.29,-2.07,-1.8,-4.07,-1.98,-6.05,7.23,-3.45,-1.41,5.08,1.85,1.18,1.39,-6.69,0.62,4.27,2.01,2.14,3.03,0.49,3.34,4.92,5.42,-2.25,4.52,-4.82,-2.36,5.16,2.37,2.13,4.01,-1.31,0.67,-3,4.93,0.31,1.74,0.67,-1.54,4.47,0.63,-5.4,4.47,-3.3,2.08,3.23,6.89,-0.16,-1.75,0.45,-5.28,4.31,-7.77,-3.08,4.22,-0.81,2.7,-5.48,-1.76,4.7,3.34,3.07,-2.49,6.29,-1.54,0.48,-2.15,2.98,4.36,-0.79,2.24,3.3,1.02,-2.78,0.16,0,0.68,-0.04,4.01,1.62,1.79,-0.46,0.33,-3.79,3.9,1.08,3.24,1.38,1.41,-1.29,-6.05,-2.22,-0.14,3.85,5.97,0.71,2.37,1.7,3.69,2.92,-2.36,1.83,-0.37,3.27,-2.18,4.97,-7.69,-20.62,8.76,4.35,2.58,0.51,2.82,-3.68,1.93,10.21,1.2,0.31,1.45,2.44,3.46,2.33,2.25,1.1,2.5,-1.87,-0.11,-0.56,2.74,-6.35,2.14,6.87,-0.86,-2.61,-8.79
iShares Edge MSCI Australia Minimum Volatility ETF,,,,,,,,,,,,,,,,,,,,,,,,,,,,,,,,,,,,,,,,,,,,,,,,,,,,,,,,,,,,,,,,,,,,,,,,,,,,,,,,,,,,,,,,,,,,,,,,,,,,,,,,,,,,,,,,,,,,,,,,,,,,,,,,,,,,,,,,,,,,,,,,,,,,,,,,,,,,,,,,,,,,,,,,,,,,,,,,,,,,,,,,,,,,,,,,,,,,,,,,,,,,,,,,,,,,,,,,,,,,,,,,,,,,,,,,,,,,,,,,,,,,,,,,1.51,4.69,-1.97,3.41,3.41,1.8,-1.29,0.12,-1.79,1.32,-0.47,4,2.47,0.45,-1.45,0.38,-2.72,3.24,0.89,3.62,0.93,1.6,-1.79,-4.2,-1.69,-0.18,3.45,5.03,1.27,2.28,1.91,4.34,3.53,-1.39,0.69,-0.2,1.99,-2.59,4.81,-7,-20.12,8.8,4.96,2.41,0.93,0.8,-3.22,1.23,6.16,0.65,0.18,-1.8,3.96,2.94,2.57,2.72,1.73,2.64,-2,-0.6,1.36,3.2,-7.86,2.65,5.35,1.42,-3.77,-7.1
iShares Edge MSCI Australia Multifactor ETF,,,,,,,,,,,,,,,,,,,,,,,,,,,,,,,,,,,,,,,,,,,,,,,,,,,,,,,,,,,,,,,,,,,,,,,,,,,,,,,,,,,,,,,,,,,,,,,,,,,,,,,,,,,,,,,,,,,,,,,,,,,,,,,,,,,,,,,,,,,,,,,,,,,,,,,,,,,,,,,,,,,,,,,,,,,,,,,,,,,,,,,,,,,,,,,,,,,,,,,,,,,,,,,,,,,,,,,,,,,,,,,,,,,,,,,,,,,,,,,,,,,,,,,,2.03,3.42,-0.52,3.25,1.85,0.91,-3.12,1.96,0.13,1.86,0.13,3.68,1.72,2.74,-0.81,0.77,-3.45,3.61,1.92,2.2,-0.32,1.18,0.28,-6.64,-2.07,0.3,3.75,6.66,-0.17,2.73,0.4,4.02,4.17,-3.48,1.13,-0.8,1.88,-0.35,4.03,-9.55,-19.71,10.39,6.8,1.1,1.84,2.08,-2.82,2.42,6,3.59,-0.69,-0.4,1.7,5.43,1.39,3.19,1.33,-0.03,-2.74,-0.81,-1.23,3.94,-6.22,1.99,5.72,0.36,-3.45,-8.99
iShares Edge MSCI World Minimum Volatility ETF,,,,,,,,,,,,,,,,,,,,,,,,,,,,,,,,,,,,,,,,,,,,,,,,,,,,,,,,,,,,,,,,,,,,,,,,,,,,,,,,,,,,,,,,,,,,,,,,,,,,,,,,,,,,,,,,,,,,,,,,,,,,,,,,,,,,,,,,,,,,,,,,,,,,,,,,,,,,,,,,,,,,,,,,,,,,,,,,,,,,,,,,,,,,,,,,,,,,,,,,,,,,,,,,,,,,,,,,,,,,,,,,,,,,,,,,,,,,,,,,,,,,,,,,1.09,4.16,-2.32,1.14,1.32,2.66,2.89,-3.45,-1.88,1.61,1.45,3.82,3.51,-1.89,-0.41,-1.14,0.83,2.7,-0.21,3.07,1.87,3.19,0.86,-2.66,-0.44,-1.67,2.63,5.16,2.28,1.95,-0.23,4.02,2.12,3.03,1.15,-1.09,2.48,-1.96,5.87,-4.89,-7.2,2.05,1.63,-3.44,-0.15,-0.78,1.09,-0.5,2.96,-2.27,-0.91,-1.95,6.61,1.75,1.59,3.53,4.65,2.04,-3.41,-0.99,3.69,3.6,-2.29,-4.07,1.11,0.28,-1.41,-1.77
iShares Edge MSCI World Multifactor ETF,,,,,,,,,,,,,,,,,,,,,,,,,,,,,,,,,,,,,,,,,,,,,,,,,,,,,,,,,,,,,,,,,,,,,,,,,,,,,,,,,,,,,,,,,,,,,,,,,,,,,,,,,,,,,,,,,,,,,,,,,,,,,,,,,,,,,,,,,,,,,,,,,,,,,,,,,,,,,,,,,,,,,,,,,,,,,,,,,,,,,,,,,,,,,,,,,,,,,,,,,,,,,,,,,,,,,,,,,,,,,,,,,,,,,,,,,,,,,,,,,,,,,,,,5.13,4.39,-2.43,1.34,2.01,3.97,3.07,-2.56,-1.22,1.55,4.2,5.48,3.64,-2.04,1.32,0.59,0.32,1.75,0.94,0.48,2.11,3.29,0.08,-6.55,-2.61,-4.1,5.3,4.93,-0.39,3.11,-4.91,6.01,1.76,-0.88,2.13,0.29,5.28,-1.49,2.89,-5.13,-9.97,3.16,4.09,-2.22,0.74,1.59,0.65,0.01,6.44,-0.54,0.5,2.16,6.52,2.15,1.87,3.16,3.35,2.29,-4.07,0.18,3.6,3.23,-2.62,-3.46,-1.1,-1.31,-0.14,-6.35
iShares Enhanced Cash ETF,,,,,,,,,,,,,,,,,,,,,,,,,,,,,,,,,,,,,,,,,,,,,,,,,,,,,,,,,,,,,,,,,,,,,,,,,,,,,,,,,,,,,,,,,,,,,,,,,,,,,,,,,,,,,,,,,,,,,,,,,,,,,,,,,,,,,,,,,,,,,,,,,,,,,,,,,,,,,,,,,,,,,,,,,,,,,,,,,,,,,,,,,,,,,,,,,,,,,,,,,,,,,,,,,,,,,,,,,,,,,,,,,,,,,,,,,,,,,,,,,,,,,,,,,,,,,,,,,0.17,0.17,0.2,0.16,0.15,0.2,0.15,0.1,0.18,0.17,0.14,0.22,0.2,0.16,0.21,0.15,0.14,0.2,0.22,0.2,0.21,0.17,0.15,0.15,0.09,0.1,0.09,0.09,0.09,0.1,0.08,0,0.08,0.05,0.05,0.08,0.04,0.01,0.06,0.05,0.01,0.01,-0.01,0.01,0.01,0.01,0.01,0.02,0,0,-0.01,0.01,0,0,0,-0.01,-0.02,0.03,0.05
iShares Europe ETF,,,,,,,,,,,,,,,,,,,,,,,,,,,,,,,,,,,,,,,,,,,,,,,,,,,,,-0.13,1.62,3.8,-5.26,1.5,0.83,-4.07,-0.95,2.83,-3.57,-3.98,-0.18,-5.91,-3.95,0.66,0.43,4.32,-4.16,-1.99,1.98,-1.31,-5.03,-2.77,-8.21,-1.2,-12.15,7.53,3.85,-4.15,-8.61,-6.53,-1.2,9.65,2.35,-1.97,5.56,-0.24,-2.6,1.91,2.11,3.85,0.1,1.52,-2.35,4.65,2.68,3.88,-3.24,-0.83,1.31,0.46,3.09,2.94,-0.87,2.32,0.11,-3.33,3.3,0.74,3.89,2.65,0.74,-0.7,2.61,4.32,3.23,1.82,8.09,-1.31,-1.89,1.83,-1.39,3.46,3.11,0.46,1.22,3.13,2.26,-2.07,0.83,3.4,2.48,-2.34,-3.27,4.12,-3.45,-0.27,1.94,-1.21,-11.93,-3.3,2.77,1.28,-0.85,-9.24,-0.63,4.77,-6.64,-5.25,-5.35,-1.66,-2.91,-10.76,-1.67,7.43,2.85,-2.77,7.42,4.87,-0.28,-3.42,1.56,3.25,-4.93,-2.79,3.75,-4.12,-2.39,-1.58,4.08,-2.07,1.78,3,-5.84,1.39,7.06,1.05,-2.54,2.12,-0.6,-2.33,-5.89,-7.85,-1.72,2.57,-1.42,-1.3,0.89,4.49,3.54,-2.81,-5.61,2.16,-1.58,6.36,2.21,1.66,1.92,3.32,5.34,-1.12,-1.98,5.01,8.64,-0.4,9.5,-0.55,2.15,2.96,4.84,4.27,-1.42,4.66,-4.41,2.58,0.5,-1.45,-2.29,-0.21,,,,,,,,,,,,,,,,,,,,,,,,,,,,,,,,,,,,,,,,,,,,,,,,,,,,,,,,,,,,,,,,,,,,,,,,,,,,,,,,,,,,,,,,,,,,,,
iShares Global 100 (AUD Hedged) ETF,,,,,,,,,,,,,,,,,,,,,,,,,,,,,,,,,,,,,,,,,,,,,,,,,,,,,,,,,,,,,,,,,,,,,,,,,,,,,,,,,,,,,,,,,,,,,,,,,,,,,,,,,,,,,,,,,,,,,,,,,,,,,,,,,,,,,,,,,,,,,,,,,,,,,,,,,,,,,,,,,,,,,,,,,,,,,,,,,,,,,,,,,,,,,,,,,,,,,,,,,,,,,,,,,,,,,,,,,,,,,,,,,,-1.3,6.07,-0.6,1.39,1.07,-4.2,2.11,-6.95,-2.36,8.99,1.16,-2.53,-4.61,-2.26,5.01,0.2,2.28,0.12,3.56,1.15,0.05,0.43,1.99,4.21,0.33,3.65,1.6,0.91,2.43,-0.52,1.65,0.76,2.1,3.93,0.95,1.02,3.37,-3.57,-2.87,2.23,1.5,0.42,4.48,1.63,1.01,-5.44,0.59,-7.78,5.69,3.22,2.72,4.1,-5.94,5.98,1.45,-2.42,3.1,1.93,2.93,3.23,0.72,-8.96,-10.05,9.9,2.65,3.8,3.12,7.1,-5,-3.34,10.15,3.91,0.03,1.7,3.93,4.31,0.46,3.24,2.19,2.9,-4.14,5.81,-0.29,4.32,-2.63,-2.65,3.34,-7.02,-0.16,-7.28
iShares Global 100 ETF,,,,,,,,,,,,,,,,,,,,,,,,,,,,,,,,,,,,,,,,,,,,,,,,,,,,,,,,,,4.62,-5.53,0.69,4.33,-1.44,-3.22,-2.17,-9.12,-0.99,0.96,2.91,1.97,-3.25,-3.4,-0.12,-6.81,-5.76,-5.06,-4.99,-1.05,-10.5,7.89,4.32,-6.2,-7.43,-4.99,1.07,5.27,0.27,-1.33,5.41,1.08,-3.44,0.01,-0.23,2.66,0.84,0.16,-1.69,4.52,1.88,3.92,-3.64,-0.46,-1.89,-1.27,0.67,2.46,-0.86,1.33,-0.07,-2.87,4.41,-1.1,3.4,1.51,0.85,-0.46,3.52,1.85,0.09,0.81,6.56,-2.72,-2.32,1.39,-1.14,3.32,3.47,-0.28,-0.12,2.29,2.14,-3.69,-0.87,2.75,3.05,-2.25,-3.25,5.9,-3.55,-1.66,1.7,-0.26,-9.9,-5.91,2.72,1.6,-1.67,-8.37,1.21,7.65,-0.83,1.35,-5.02,-4.23,-2.4,-11.01,-0.79,3.62,0.3,-1.65,6.34,2.99,-1.04,-2.79,3.01,2.64,-4.18,-0.42,3.15,-2.98,-0.12,-4.01,2.26,-2.25,-0.31,2.61,-1.64,0.28,6.33,0.88,-3.11,-0.17,0.14,-1.98,-4.84,-5.41,1.76,1.12,1.11,0.98,0.31,2.58,5.31,-2.43,-2.47,0.27,-1.62,3.79,2.23,0.28,0,2.72,5.16,1.36,-0.39,4.11,9.15,1.64,6.84,-2.03,-0.39,2.66,6.22,3.7,-2.15,2.3,-2.85,2.35,0.18,-0.67,-0.12,1.6,4.93,-0.88,5.71,1.36,2.52,5.34,-0.14,-0.12,2.59,-3.5,6.54,-3.53,-2,7.54,-2.2,-2.38,-2.67,-2.74,-1.03,1.34,6.45,-3.32,1.83,1.7,-1.53,-0.52,3.95,6.05,-3.63,2.12,2.5,3.46,3.53,-3.24,-1.84,1.22,3.3,5.61,2.65,-1.79,1.46,-0.35,-1.02,3,0.38,2.51,3.66,4.4,0.48,-3.85,-2.33,-4.09,2.74,5.44,2.59,4.95,-4.68,5.1,2.15,0.13,2.98,0.81,4.7,-0.15,5.39,-5.03,-4.99,3.84,1.81,0.18,0.31,4.49,-2.25,-1.11,5.84,-0.26,0.59,0.8,4.84,3.41,0.87,5.38,4.6,3.3,-3.62,2.25,5.31,1.81,0.47,-5.86,-0.21,-2.97,-0.22,-3.96
iShares Global Consumer Staples ETF,,,,,,,,,,,,,,,,,,,,,,,,,,,,,,,,,,,,,,,,,,,,,,,,,,,,,,,,,,,,,,,,,,,,,,,,,,,,,,,,,,,,,,,,,,,,,,,,,,,,,,,,,,,,,,,,,,,,,,,,,,,,,,,-1.88,-0.52,2.63,3.25,-2.04,1.01,0.7,1.25,-3.66,-2.65,7.93,-4.35,-1.18,6.83,-0.15,-8.19,-3.79,5.5,-2.87,-0.51,-8.27,2.89,10.32,5.6,4.69,-1.63,-4.63,1.7,-7.94,-5.11,-1.49,-0.37,0.15,4.45,0.29,-0.77,-0.04,1.93,2.96,-0.52,1.06,1.2,-2.76,2.7,0.32,-1.28,0.89,-1.55,1.5,-0.59,-1.66,0.48,0.71,-0.69,0.93,4.39,-2.66,-2.98,1.32,4.97,-2.99,3.86,1.92,-4.55,2.82,7.44,-0.12,2.68,-0.99,0.31,2.64,0.69,-0.37,1.83,-0.56,4.93,4.13,2.3,3.69,4.31,3.14,5.84,-2.91,-1.5,3.15,4.07,2.73,-3.11,2.15,-2.08,3.18,1.51,-1.29,-1.67,2.25,4.73,1.4,7.14,1.82,6.45,3.19,-0.38,-1.88,3.08,-2.5,10.09,-2.97,1.33,4.55,-2.67,0.42,2.84,-1.83,-2.03,0.58,5.79,0.7,-1.88,0.33,-1.76,-2.88,-2.63,5.04,-2.88,3.17,1.84,3.74,5.11,-5.12,-3.29,0.5,0.3,2.08,4.52,-1.05,-1.83,-3.44,1.67,-0.38,-1.83,5.26,2.61,2.01,-0.04,0.67,-1.34,-4.06,1.92,4.66,4.44,2.99,-1.9,3.01,3.2,4.37,0.61,-2.77,2.57,-1.73,4.63,-5.33,-0.07,-1,1.08,-2.97,1.22,-0.17,1.8,-2.08,2.82,-1.83,-3.79,-3.28,8.54,1.69,3.14,2.76,3.17,1.44,-2.59,-1.13,3.59,5.8,0.42,-4.16,-3.48,6.33,-3.88,0.38
iShares Global Healthcare ETF,,,,,,,,,,,,,,,,,,,,,,,,,,,,,,,,,,,,,,,,,,,,,,,,,,,,,,,,,,,,,,,,,,,,,-0.51,-1.28,-0.24,-3.15,-4.64,-7.46,-5.73,-1.11,-1.35,-3.98,3.13,0.42,-3.04,-5.4,-5.77,3.32,1.53,-1.68,0.18,1.7,-3.19,-2.19,-3.44,0.82,1.87,0.84,-0.64,-2.42,8.62,1.44,1.78,-4.07,0.79,-3.26,-4.36,-2.19,4.52,-2.48,0.82,1.73,3.12,3.89,-1.54,2.72,1.42,-0.95,0.17,1.56,3.99,-0.91,1.61,5.06,-6.38,-0.86,2.19,1.12,3.04,2.35,-2.94,-2.01,0.93,3.73,-2.91,-2.31,3.03,0.62,-5.36,-4.37,6.99,-5.14,-4.08,7.02,-3.02,-6.19,-6.14,-1.28,-2.08,0.6,-3.68,6.49,9.53,1.27,7.17,-5.78,0.05,5.54,-12.71,-2.44,-5.6,-1.25,0.94,4.25,1.12,-2.32,-3.56,5.54,3.85,0.21,-0.68,-0.31,-5.23,2.48,-0.28,-5.56,2.1,-0.46,0.96,-1.72,-1.84,3.13,1.19,-0.73,1.65,5.41,-2.15,-4.18,-1.31,4.83,-3.55,2.88,3.51,-1.8,0.38,7.53,-0.09,1.8,0.82,-0.57,2.98,3.09,-0.06,0.17,0.95,6.85,2.84,3.58,4.38,8.18,3.57,7.57,-1.84,-1.31,2.56,7.59,3.22,2.86,4.38,-5.05,0.54,1.52,0.77,0.69,3.2,7.55,1.84,6.2,1.51,7.29,3.96,3.54,-3.14,5.84,-1.6,8.94,-3.99,-5.01,4.43,-2.5,1.11,-4.84,-2.15,-4.86,4.03,6.86,-1.69,2.22,-3.06,-2.01,-6.28,3.15,3.75,-2.66,4.44,1.17,3.91,2.87,-0.37,-3.73,1.98,2.48,1.02,3.32,-3.13,2.04,-0.72,-0.58,2.53,-0.02,3.76,5.57,5.8,2.01,-4.31,2.59,-4.85,1.39,4.43,0.93,-1.57,-0.51,5.11,0.3,2.62,0.06,2.75,6.41,-0.67,3.43,-3.34,1.83,4,2.12,-4.91,-0.48,-0.7,1.5,-3.01,3.77,-1.28,1.07,-3.81,5.04,1.79,2.38,5.59,5.8,3.2,-4.12,0.32,2.28,4.96,-3.94,-3.68,1.5,0.8,0.13,0.81
iShares Global High Yield Bond (AUD Hedged) ETF,,,,,,,,,,,,,,,,,,,,,,,,,,,,,,,,,,,,,,,,,,,,,,,,,,,,,,,,,,,,,,,,,,,,,,,,,,,,,,,,,,,,,,,,,,,,,,,,,,,,,,,,,,,,,,,,,,,,,,,,,,,,,,,,,,,,,,,,,,,,,,,,,,,,,,,,,,,,,,,,,,,,,,,,,,,,,,,,,,,,,,,,,,,,,,,,,,,,,,,,,,,,,,,,,,,,,,,,,,,,,,,,,,,,,,,,,,,,,,-1.56,0.87,3.64,2.67,0.32,0.9,2.28,1.98,0.59,-0.02,-0.48,2.31,0.64,1.49,-0.1,1.1,1.06,0.36,1.06,-0.16,0.87,0.31,-0.27,0.24,0.33,-0.77,-0.24,0.5,-0.4,0.27,1.42,0.44,0.49,-1.72,-0.54,-1.67,4.04,1.5,1.32,0.84,-1.58,2.68,0.42,0.35,0.26,0.17,0.53,1.45,-0.35,-1.95,-12.92,6.23,3.42,0.36,2.96,1.1,-1.46,0.28,4,2.24,-1.08,0.53,0.51,0.85,0.05,0.89,0.63,0.2,-0.31,-0.28,-0.93,1.3,-2.45,-1.26,-0.33,-4.08,-0.04,-6.6
iShares Government Inflation ETF,,,,,,,,,,,,,,,,,,,,,,,,,,,,,,,,,,,,,,,,,,,,,,,,,,,,,,,,,,,,,,,,,,,,,,,,,,,,,,,,,,,,,,,,,,,,,,,,,,,,,,,,,,,,,,,,,,,,,,,,,,,,,,,,,,,,,,,,,,,,,,,,,,,,,,,,,,,,,,,,,,,,,,,,,,,,,,,,,,,,,,,,,,,,,,,,,1.31,5.71,-1.74,1.41,-0.35,1.91,0.19,-0.53,-0.86,-0.32,1.6,-0.69,1.98,-1.87,-3.97,0.25,-0.66,0.65,0.02,-0.92,1.72,0.67,1.07,-0.12,1.22,3.09,1.19,0.29,1.61,-1.28,0.94,2.57,1.97,1.82,2.03,0.66,-2.03,-0.66,-1.72,1.51,0.58,-0.18,0.09,-0.59,-0.02,0.78,0.49,0.41,-1.35,1.67,0.84,2.2,-0.18,-1.21,-0.6,-2.27,0.25,0.61,-0.19,0.73,1.18,1.05,-1.6,-0.18,0.32,-0.99,1.26,2.06,-0.77,-0.34,-0.02,1.19,-0.57,0.76,1.04,-0.1,0.27,-0.74,0.72,-0.2,1.27,1.13,0.48,1.72,0.8,3.07,-0.21,1.55,0.54,0.07,-0.44,1.6,-2.3,3.59,-0.06,-5.48,-0.17,2.34,1.5,3.22,-1.02,1.38,-0.11,0.55,1.18,-1,-4.38,1.49,1.6,0.89,0.78,2.57,-0.33,-2.69,-2.34,2.46,2.19,-1.23,-1.19,-4.29,-1.63,-2.33,-2.2
iShares J.P. Morgan USD Emerging Markets Bond (AUD Hedged) ETF,,,,,,,,,,,,,,,,,,,,,,,,,,,,,,,,,,,,,,,,,,,,,,,,,,,,,,,,,,,,,,,,,,,,,,,,,,,,,,,,,,,,,,,,,,,,,,,,,,,,,,,,,,,,,,,,,,,,,,,,,,,,,,,,,,,,,,,,,,,,,,,,,,,,,,,,,,,,,,,,,,,,,,,,,,,,,,,,,,,,,,,,,,,,,,,,,,,,,,,,,,,,,,,,,,,,,,,,,,,,,,,,,,,,,,,,,,,,,,-0.09,2.12,3.06,1.92,-0.19,3.62,1.5,1.92,0.24,-1.29,-4.56,1.76,1.5,1.97,0.27,1.73,0.74,-0.32,1.19,1.65,-0.13,0.26,-0.01,0.89,-0.31,-2.2,0.38,-1.84,-1.23,-1.12,2.48,-2.34,2.06,-2.58,-0.59,1.38,5.02,0.5,1.46,0.06,0.25,3.69,0.7,1.06,-0.96,0.14,-0.68,2.77,1.01,-1.11,-13.56,2.36,5.67,3.26,3.58,0.67,-2.1,-0.34,3.92,2.25,-1.69,-3.55,-0.44,2.19,1.2,0.65,0.37,1,-2.48,0.25,-2.35,2.21,-3.87,-6.65,0.66,-7.59,0.13,-7.23
iShares MSCI EAFE ETF,,,,,,,,,,,,,,,,,,,,,,,,,,,,,,,,,,,,,,,,,,,,,,,,,,,,,,,,,,,,,,,,,,-3.74,0.56,-0.01,2.31,-4.23,-1.13,2.38,-0.43,-3.62,-3.08,-7.06,-1.39,-9.47,3.09,3.29,-3.67,-7.97,-5.57,-1.55,5.99,1.75,-0.43,5.98,2.57,-1.47,1.32,0.23,3.54,0.39,0.87,1.58,3.33,1.41,4.8,-3.77,-0.44,0.06,0.23,2.74,3.24,-0.71,1.79,0.09,-3.24,2.98,0.68,3.33,3.73,2.84,-0.8,3.46,5.53,2.86,1.59,7.6,-1.56,-3.22,1.47,-2.16,3.14,2.45,0.16,0.93,3.22,2.44,-0.9,0.01,1.37,2.41,-2.31,-2.51,3.66,-3.17,-0.91,1.36,-1.57,-10.57,-3.31,1.43,2.08,-0.26,-8.7,-1.31,4.78,-6.49,-4.48,-3.99,-0.97,-1.2,-10.69,-2.2,6.66,2.64,-1.51,6.05,3.87,-0.89,-3.58,0.74,3.24,-3.32,-1.44,3.59,-3.18,-1.46,-1.89,2.1,-1.48,0.9,2.3,-2.71,1.06,5.22,1.12,-3.75,0.16,-0.29,-1.71,-4.07,-6.7,-0.29,0.37,-1.76,-0.77,1.6,3.94,3.81,-2.38,-4.96,1.25,-1.49,4.56,2.3,1.1,1.77,3.69,4.74,0.92,-0.98,5.69,5.68,1.02,7.35,-0.6,2.28,2.03,4.38,3.66,-1.63,2.9,-4.05,1.49,1.18,-0.44,-0.49,-0.78,2.76,-1.92,4.37,0.67,5.58,5.42,0.9,0.82,2.54,-3.25,6.84,-4.08,-4.12,6.11,-3.1,-1.77,-4.57,-2.81,-1.09,3.76,4.41,-5.98,2.91,1.18,-0.61,-1.52,0.94,5.5,-1.87,0.13,3.59,4.63,4.19,-3.14,-1.16,0.6,3.58,3.88,2.03,-1.41,1.4,-0.77,-0.39,4.17,-2.44,1.13,1.81,0.79,0.82,-6.39,-2.46,-1.95,2.94,5.08,1.07,3.88,-3.52,4.18,-0.19,0.33,3.06,1.21,3,-1.06,2.04,-4.23,-9.51,-1.08,3.98,-0.43,-2.13,1.55,1.07,-1.56,8.9,0.12,-0.21,1.32,4.2,1.51,3.27,1.81,2.92,2.03,-2.12,-0.77,1.13,1.53,-0.56,-6.24,-2.87,-1.45,1.04,-4.96
iShares MSCI Emerging Markets ETF,,,,,,,,,,,,,,,,,,,,,,,,,,,,,,,,,,,,,,,,,,,,,,,,,,,,,,,,,,,,,,,,,,,,,,,,,,,,,,,,,,,,,,3.86,1.89,9.62,7.25,-3.75,3.73,-0.3,3.71,1.94,2.35,1.86,-2.99,1.17,2.83,-2.96,2.54,3.28,0.14,5.87,3.29,1.7,6.48,-4.81,-3.47,6.73,3.39,8.1,2.38,6.69,-4.67,8.27,6.83,9.48,-0.54,5.99,-0.22,-10.55,1.32,-0.97,2.27,2.08,1.98,5.13,5.13,1.12,-3.31,1.8,1.39,4.62,1.09,2.1,4.69,2.21,5.38,-2.36,0.66,-12.58,0.34,-2.87,5.61,1.86,-9.68,-2.71,1.51,-7.8,-11.18,-7.67,1.85,1.27,-6.36,6.04,9.71,5.64,-2.44,8.35,-2.51,4.33,-3.7,4.37,5.75,-5.65,-0.34,5.3,-0.7,0.22,-1.24,1.72,-0.81,2.24,1.76,-0.5,0.06,-0.65,-2.41,4.08,-2.61,-0.29,-2.02,-3.13,-6.63,-6.14,3.92,-3.3,-0.96,7.25,4,0.87,-1.64,-4.99,-1.57,-0.83,1.41,5.28,-0.37,0.63,5.46,0.79,0.43,-3.72,1.35,5.3,-1.86,3.1,-1.04,1.42,3.52,2.03,0.75,-4.24,0.53,-0.52,0.37,3.02,1.23,3.4,1.59,-1.1,0.7,1.87,-0.55,5.64,2.46,0.94,4.26,-1.19,-3,-2.83,-5.69,-2.09,5.46,-5.44,-2.64,-3.89,-1.16,5.09,1.3,1.34,1.17,2.84,3.59,-0.59,0.76,-1.82,2.24,0.56,1.72,3.3,4.19,3.37,-2.02,1.72,2.86,0.61,5.82,1.13,0.54,4.57,-0.94,-0.44,1.21,-3.82,-1.88,1.55,-0.05,-0.58,-7.06,1.81,-0.1,6.51,0.92,1.29,3.3,-5.85,4.7,-0.9,-1.57,1.59,1.99,1.76,3.29,-1.45,-0.09,-11.26,0.36,1.56,2.68,3.92,-0.23,2.14,3.5,3.87,2.13,3.76,-0.12,0.9,-0.2,1.44,4.02,-4.45,2.16,-2.73,-2.79,1.6,-1.2,3.15,-7.09,-6.62,-0.8,-0.33,-1.15
iShares MSCI Japan ETF,4.85,-6.56,2.23,-2.77,-6.75,3.49,-7.02,-0.73,-4.66,-7.18,0.31,-3.8,3.73,13.57,9.29,-2.55,-7.34,0.29,-7.07,-3.19,-0.91,3.15,0.98,-3.88,0.91,-1.78,2.53,0.29,-6.27,-5.68,10.86,3.42,6.33,-1.99,-1.16,12.01,-1.08,-3.3,6.22,11.08,0.88,3.91,6.7,4.49,3.42,-2.03,1.29,9.38,-3.77,-2.88,1.21,-8.44,6.5,1.68,-1.45,-5.81,-10.96,-0.35,-0.09,4.28,2.35,0.48,-6.1,-8.83,-6.26,-2.23,-1.37,-2.87,-5.3,-7.1,1.85,4.74,2.72,0.98,-4.26,-4.06,-2.33,-3.2,-8.7,2.72,-2.8,-7.78,-2.83,-3.88,-4.29,0.48,4.39,7.5,10.67,1.16,-0.26,-4.93,2.64,0.67,-1.77,14.4,-0.02,-2.34,7.8,-6.52,-0.22,-4.78,-0.61,0.94,3.98,-1.36,-0.35,0.44,-3.45,2.03,-0.78,1.27,8.07,8.47,0.86,5.34,9.45,1.58,1.04,6.64,-3.2,-5.73,0.34,-3.54,1.75,0.55,-1.86,-1.34,2.54,2.62,2.31,-3.85,-4.81,2.19,-2.72,-1.12,2.19,-5.98,-4.98,2.81,-3.13,-6.09,-4.07,-1.68,3.72,1.24,-7.34,-1.47,4.88,-3.04,1.83,0.16,0.99,2,-12.86,-5.99,3.47,1.19,0.71,1.25,2.41,-6.16,-4.85,-2.29,2.38,3.17,0.26,2.27,-1.5,2.15,-2.8,-3.39,-0.71,-3.99,0.88,4.14,0.73,2.91,2.28,-10.64,-5.13,0.93,0.98,0.77,-5.79,8.29,-8.59,-1.45,1.07,0.69,3.21,5.65,-3.63,-2.07,-0.62,-5,1.04,1.7,-1.56,1.7,5.62,3.15,4.53,2.99,9.03,2.14,6.53,2.64,-1.48,3.16,-1.34,5.1,2.99,-1.54,-2.92,-4.63,-2.61,3.42,3.77,2.03,-2.74,6.07,-1.8,3.26,2.75,7.49,5.48,4.12,0.26,4.39,-2.19,5.16,-2.44,-5.86,8.24,-2.48,-0.17,-5.6,-3.87,-2.66,5.37,4.29,-5.16,4.29,1.46,-0.19,1.85,0.44,2.99,-1.1,-0.21,0.37,3.12,3.42,-1.94,-2.02,0.59,3.06,7.01,3.99,-2.31,0.98,2.3,-1.26,3.04,-1.28,-0.2,-0.25,2.99,3,-7.05,-2.06,-4.33,3.37,2.64,0.82,2.21,-3.36,2.99,1.37,1.49,5.12,1.24,3.16,-3.11,2.36,-4.78,-1.76,-2.03,5.58,-3.81,-5.02,3.56,5.05,0.63,5.37,0.52,-0.27,0.92,2.09,-2.98,1.51,2.19,1.48,2.51,3.91,-6.36,2.72,-0.44,-1.24,-4.63,-5.41,-2.89,0.78,-3.47
iShares MSCI South Korea ETF,,,,,,,,,,,,,,,,,,,,,,,,,,,,,,,,,,,,,,,,,,,,,,,,,,,7.7,-11.85,-1.9,-5.35,-13.39,-8.38,-8.27,27.94,-2.8,-7.11,8.75,8.52,-5.58,-7.55,-1.5,-11.11,13.91,22.49,9.55,8.93,8.36,5.57,-1.61,-4.59,-3.35,0.34,-1.01,-13.42,1.86,11.53,-12.71,-7.56,-8.42,-10.06,10.22,1.59,5.01,13.88,5.92,-10.3,5.23,-1.86,-0.07,6.41,2.07,3.79,-1.47,-4.01,-1.35,-8.18,8.51,1.32,-1.48,7.1,1.43,7.82,7.98,-3.44,-5.57,7.77,-0.64,12.24,-1.95,10.08,-4,13.22,10.66,4.33,-0.93,3.89,0.06,-7.07,-0.4,-3.17,2.72,5.38,-3.82,3.3,-0.17,-2.9,3.26,-0.03,2.88,9.06,0.62,9.82,0.59,-1.19,2.32,-5.37,-0.86,-15.14,0.48,-1.92,3.79,-2.93,-12.83,0.29,-5.84,-2.48,-11.69,-15.86,11.91,5.16,-18.19,15.98,14.64,-4.43,-2.05,15.26,-0.27,7.04,-8.54,-0.5,10.16,-3.14,-1.61,6.55,4.16,-4.18,0.52,0.29,-0.97,2.76,0.28,2.21,3.87,5.49,-8.36,9.83,0.7,-0.91,-2.43,-0.86,-11.22,-4.08,5.33,-3.3,-0.71,6.11,2.74,3.64,-0.52,-4.73,-2.62,0.66,1.16,6.13,-2.73,1.83,6.1,-4.51,6.14,-6.61,-1.66,8.42,-3.36,6.5,3.79,2.04,2.56,4.89,1.46,-3.27,-0.04,-3.38,1.61,2.95,-0.11,3.44,-1.08,-1.84,-3.81,0.33,1.77,7.48,0.06,3.49,3.65,-2.8,-4.52,-3.67,-2.57,3.02,9.1,-5.13,-2.07,-2.75,-3.41,5.63,0.54,0.21,0.96,3.86,4.23,-0.36,-3.37,-0.15,2.5,2.16,2.14,5.55,2.37,9.3,-2.61,-1.05,-1.81,2.09,10.56,1.67,-0.12,0.86,-2.99,3.73,4.22,-5.42,-4.1,-2.38,4.36,0.82,-12.82,0.97,1.88,6.16,-0.28,-3.05,1.8,-8.17,6.36,-5.79,-1.65,5.67,2.39,1.06,4.2,-2.66,-1.01,-10.03,2.85,2.33,2.84,1.27,1.49,6.89,1.38,12.21,8.24,2.97,-1.04,3.65,-0.45,1.41,4.39,-2.72,-1.76,-5.86,-5.22,0.92,2.14,-4.06,-2.88,-4.94,-1.14,1.15,-10.78
iShares S&P 500 (AUD Hedged) ETF,,,,,,,,,,,,,,,,,,,,,,,,,,,,,,,,,,,,,,,,,,,,,,,,,,,,,,,,,,,,,,,,,,,,,,,,,,,,,,,,,,,,,,,,,,,,,,,,,,,,,,,,,,,,,,,,,,,,,,,,,,,,,,,,,,,,,,,,,,,,,,,,,,,,,,,,,,,,,,,,,,,,,,,,,,,,,,,,,,,,,,,,,,,,,,,,,,,,,,,,,,,,,,,,,,,,,,,,,,,,,,,,,,-2.82,5.87,-1.52,1.19,1.46,-1.93,2.35,-6.14,-2.41,8.28,0.54,-1.62,-5.02,0.05,6.51,0.52,1.92,0.36,3.58,0.25,0.02,-1.71,3.85,2.17,1.79,3.95,0.12,1.02,1.47,0.62,2.06,0.3,2.01,2.43,3.19,1.1,5.37,-3.93,-2.63,0.38,2.41,0.56,3.66,3.3,0.55,-7.06,1.8,-9.18,7.69,3.24,1.81,4,-6.46,6.68,1.44,-1.85,1.8,2,3.59,2.64,-0.08,-8.97,-13.49,11.52,4.65,1.75,5.55,6.72,-3.97,-2.56,10.4,3.51,-1.07,2.73,4.56,5.19,0.64,2.26,2.33,3.01,-4.8,6.75,-0.78,4.4,-5.48,-2.88,3.52,-9.45,0.3,-8.79
iShares S&P 500 ETF,,,,,,,,,,,,,,,,,,,,,,,,,,,,,,,,,,,,,,,,,,,,,,,,,,-1.65,-2.63,2.06,6.41,1.07,4.07,-9.21,-4.93,4.77,-4.78,0.56,3,1.43,-2.67,-0.82,-9.6,-2.02,-0.36,4.45,2.48,-0.45,-3.72,0.33,-6.64,-5.85,-6.35,-4.88,-0.56,-9.63,6.5,4.65,-6.16,-6.48,-4.85,1.4,4.54,1.04,-1.61,5.29,2.07,-5.4,0.78,-1.08,1.06,0.81,0,-0.48,4.05,2.59,4.42,-3.82,-0.44,-1.46,-1.54,0.16,2.33,-1.31,-0.33,0.82,-2.82,6.3,-0.44,4,0.27,-0.84,0.49,4.75,0.92,-0.46,2.11,5.47,-4.76,-2.22,1.57,-2.46,2.73,4.95,-0.43,-0.12,1.55,3.28,-3.61,-1.38,1.35,4.06,-4.07,-4.03,6.9,-4.66,-3,0.41,0.03,-7.5,-7.7,2.02,1.57,0.11,-9.02,1.17,10.79,-0.53,-0.48,-5.95,-5.59,0.41,-11.02,-0.02,3.6,-3.09,-0.77,4.58,2.16,-0.91,-4.16,4.62,3.74,-2.45,2.33,3.43,0.15,2.14,-5.89,-0.16,-2.89,0.1,2.52,2.22,-0.21,5.24,1.26,-1.5,-2.7,1.53,-2.13,-4.52,-3.01,2.46,1.59,3.05,1.22,0.78,2.6,7.71,-1.12,0.88,-1.48,-1.25,4.11,1.93,-1.57,-0.03,1.4,4.68,3.27,1.87,2.36,10.79,3.33,7.18,-2.16,-1.77,3.29,6.76,4.73,-1.01,1.96,-2.65,0.76,1.88,0.64,0.12,3.37,5.39,1.98,5.75,4.03,1.92,5.2,0.83,-2.22,4.36,-2.34,6.86,-2.66,-1.55,6.73,-1.25,-1.98,-2.25,-1.1,-0.85,1.18,7.23,-2.46,1.57,1.27,-1.78,-1.28,6.8,4.05,-2.81,2.66,0.9,3.06,1.86,-2.34,-1.95,0.96,3.17,4.72,4.09,-1.86,2.12,0.08,-1,2,2.16,3.03,3.09,6.14,0.51,-4.93,-1.08,-5.54,4.18,5.8,2.01,4.96,-4.81,5.48,3.35,0.61,1.77,0.02,5.56,-1.06,5,-4.94,-7.54,5.36,3.37,-1.82,1.62,3.76,-0.77,-0.5,5.68,-0.98,-0.46,1.84,6.22,3.82,0.45,5.38,4.62,3.61,-3.61,2.9,5.16,1.93,-2.26,-5.71,0.2,-3.68,-0.62,-4.38
iShares S&P/ASX 20 ETF,,,,,,,,,,,,,,,,,,,,,,,,,,,,,,,,,,,,,,,,,,,,,,,,,,,,,,,,,,,,,,,,,,,,,,,,,,,,,,,,,,,,,,,,,,,,,,,,,,,,,,,,,,,,,,,,,,,,,,,,,,,,,,,,,,,,,,,,,,,,,,,,,,,,,,,,,,,,,,,,,,,,,,,,,,,,,,,,,,0.6,2.37,0.96,0.74,-2.82,-1.3,-5.14,-1.38,-5.31,6.93,-3.75,-0.98,4.8,0.59,1.28,1.93,-6.53,1.94,5.47,2.49,2.12,2.88,0.81,3.4,4.93,5.92,-2.35,6.19,-5.49,-1.5,5.94,2.26,1.66,4.52,-0.86,0.34,-3.48,4.88,0.76,2.02,0.74,-1.99,4.41,0.37,-5.43,5.24,-3.64,1.76,3.21,6.79,0.15,-2.66,-0.81,-4.45,4.39,-9,-3.81,3.19,-0.74,3.21,-6.76,-4.66,5.33,3.71,2.62,-3.64,5.7,-2.05,1.17,-0.98,4.32,4.43,-0.61,2.42,3.09,0.84,-4.81,-0.11,1.05,-0.83,0.1,3.06,0.96,1.93,-0.27,0.74,-4.69,3.64,1.14,3.98,1.59,0.91,-1.03,-5.34,-1.62,0.71,2.5,6.56,0.55,2.01,2.75,4.1,1.74,-2.9,2.2,-0.85,2.64,-1.97,5.7,-6.29,-19.23,5.74,2.6,3.44,0.19,1.42,-3.58,2.03,10.28,2.31,1.55,2.49,2.08,3.64,3.69,1.64,1.26,0.77,-2.46,0.01,-1.42,2.72,-5.24,2.57,8.01,-1.13,-1.73,-8.13
iShares S&P/ASX Dividend Opportunities ETF,,,,,,,,,,,,,,,,,,,,,,,,,,,,,,,,,,,,,,,,,,,,,,,,,,,,,,,,,,,,,,,,,,,,,,,,,,,,,,,,,,,,,,,,,,,,,,,,,,,,,,,,,,,,,,,,,,,,,,,,,,,,,,,,,,,,,,,,,,,,,,,,,,,,,,,,,,,,,,,,,,,,,,,,,,,,,,,,,,-0.56,1.3,1.6,-1.43,-1.15,-1.73,-4.02,-1.03,-3.89,7.65,-3.61,-2.21,5.38,3.3,2.66,0.16,-6.83,1.38,2.08,0.59,0.73,3.58,-0.06,3.84,6.56,6.76,-0.23,2.67,-5.79,-0.03,3.77,3.16,3.41,2.06,-4.35,2.53,-3.71,3.96,-0.92,1.79,0.39,-1.54,4.42,-0.96,-6.02,3.64,-4.95,0.85,2.24,8.54,-0.98,0.95,2.71,-7.8,2.19,-6.96,-4.65,4.01,-2.43,1.86,-5.85,-4.04,4.93,3.04,1.02,-2.44,6.21,-1.94,1,-1.41,3.46,3.63,-0.14,2.85,3.04,0.4,-2.62,-0.37,-0.66,1.06,-1.09,2.62,2.14,1.25,-0.85,-0.88,-4.26,2.92,0.64,2.91,-2.39,0.86,0.11,-5.58,-4.56,-0.05,6.11,7.8,1.48,1.07,2.21,1.86,1.76,-3.83,3.48,-1.3,3.36,-0.7,2.29,-9.8,-19.66,8.64,4.71,3.86,0.76,1.87,-5.64,1.75,8.17,5.08,-0.19,-1.43,1.57,3.45,0.99,4.06,3.4,-1.34,-5.64,-1.48,5.27,2.28,-4.65,1.2,6.36,0.49,-4.98,-5.65
iShares S&P/ASX Small Ordinaries ETF,,,,,,,,,,,,,,,,,,,,,,,,,,,,,,,,,,,,,,,,,,,,,,,,,,,,,,,,,,,,,,,,,,,,,,,,,,,,,,,,,,,,,,,,,,,,,,,,,,,,,,,,,,,,,,,,,,,,,,,,,,,,,,,,,,,,,,,,,,,,,,,,,,,,,,,,,,,,,,,,,,,,,,,,,,,,,,,,,,-2.17,1.37,0.13,-2.63,-1.98,-5.04,1.16,-2.58,-10.47,7.83,-3.72,-4.2,7.63,6.39,0.18,-0.95,-10.17,-4.79,-0.27,2.91,4.31,1.24,-2.45,3.15,4.19,0.79,-3.38,-4.68,-3.88,-7.09,9.64,2.91,1.65,2.62,-5.17,2.43,-2.79,4.98,-1.21,-1.34,0.08,-1.15,4.83,2.26,-5.48,-0.5,-3.83,0.52,0.93,8.34,-1.94,1.6,2.26,-7.65,1.51,-4.91,-0.48,7.03,-0.07,3.84,-5.12,0.86,5.4,2.96,3.97,-1.51,8.68,-1.61,1.5,-4.72,-0.96,3.33,-2.5,1.29,2.7,-0.27,-2.13,1.94,0.26,2.63,1.29,5.95,3.83,3.11,-0.62,-0.04,-2.34,2.69,3.64,1.02,-1.05,2.45,-0.42,-9.62,-0.3,-4.21,5.51,6.69,-0.17,3.92,-1.27,0.91,4.41,-3.83,2.49,-0.57,1.51,-0.35,3.33,-8.72,-22.47,14.11,10.54,-1.65,1.31,7.13,-2.9,0.36,10.23,2.7,-0.3,1.5,0.92,4.9,0.23,3.02,0.65,4.95,-2.24,0.9,-0.36,1.34,-9.01,-0.06,5.18,-1.56,-7.06,-13.23
iShares S&P Mid-Cap ETF,,,,,,,,,,,,,,,,,,,,,,,,,,,,,,,,,,,,,,,,,,,,,,,,,,,-3.57,5.26,11.36,5.96,1,-8.94,1.82,3.42,-1.21,-0.64,6.14,3.12,-0.66,-1.33,-6.74,-6.67,2.14,4.22,6.89,0.45,-1.73,3.61,-1.08,-6.76,-6.57,-6.85,-0.71,-6.8,2.12,4.57,-4.42,-6.76,-5.72,1.25,3.63,3.93,-1.62,7.15,4.63,-5.86,2.57,1.47,-2.35,1.14,1,1.48,2.22,3.3,4.75,-5.17,-1.11,0.36,-1.47,1.99,3.11,-1.43,0.88,1.47,-4.79,9.22,1.82,5.54,0.05,-0.9,0,5.85,1.59,2.75,0.96,6.76,-4.74,-3.87,1.44,-5.81,1.47,3.01,0.4,1.15,-0.35,5.43,-0.99,-1.16,-0.02,5.59,-4.62,-5.25,6.27,-5.7,-2.03,-0.39,0.52,-7.68,-6.37,1.41,4.31,4.06,-7.63,0.14,11.07,-2.5,-6.36,-8.04,-2.11,1.72,-10.09,0.26,8.58,-5.71,-0.39,5.73,2.9,0.97,-6.77,2.7,8.15,-2.09,4.41,4.49,2.79,2.99,-7.21,-0.27,-3.33,2.28,2.18,5.22,-0.32,4.85,2.45,0.86,-2.94,1.31,-2.51,-5.99,-4.75,-1.47,4.17,2.95,-0.18,2.82,2.77,6.26,-0.73,0.38,-3.6,-2.64,5.36,1.3,-0.52,1.58,2.68,6.72,2.87,2.88,1.06,10.71,2.81,8.3,-3.02,0.21,2.41,4.98,5.29,0.35,2.26,-3.1,-1.54,1.32,2.68,-2.83,4.4,2.01,3.09,4.89,5.14,3.91,4.57,3.82,-4.61,4.87,-1.73,4.8,-2.2,-2.31,3.97,-0.21,-4.55,-3,0.42,0.76,2.03,7.76,-2.31,2.16,1.63,-2.42,-2.13,11.23,4.25,-3.01,1.31,0.39,2.85,-0.04,-1.38,-3.08,-0.88,5.05,4.65,4.71,-2.74,-0.63,-0.69,2.54,1.35,3.87,2.84,1.13,6.04,-1.15,-7.72,0.11,-8.05,6.48,6.96,-0.45,4.91,-6.53,6.28,2.86,-1.92,2.97,-1.04,4.87,-1.15,2.27,-6.01,-16.07,6.71,5.8,-2.35,0.39,0.43,-0.33,4.34,8.91,1.6,2.07,5.89,6.39,2.95,0.07,1.9,2.5,2.57,-2.93,1.86,2.73,2.46,-4.3,-1.73,-2.16,-1.84,-0.18,-5.76
iShares S&P Small-Cap ETF,,,,,,,,,,,,,,,,,,,,,,,,,,,,,,,,,,,,,,,,,,,,,,,,,,,0.62,1.12,9.05,3.77,5.23,-11.72,6.27,5.5,-1.63,2.41,2.83,2.68,3.31,-1.44,-5.78,-7.82,3,4.1,8.45,1.9,-3.52,4.32,2.2,-9.08,-4.39,-11.43,-0.27,-4.83,1.02,3.99,-3.68,-7.27,-6.51,1.2,4.42,3.72,-0.33,8.86,4.99,-7.2,3.65,1.77,-2.28,1.84,0.52,2.35,2.2,2.75,8.1,-5.99,-1.72,2.62,-1.24,4.47,1.15,-1.14,0.39,-0.03,-6.47,9.83,2.63,6.33,-0.32,-0.78,-0.99,5.56,-0.05,5.08,1.05,9.27,-6.05,-3.92,1.43,-6.39,2.05,3.24,1.22,0.74,0.13,3.8,-2.24,-0.85,-0.79,5.18,-4.05,-5.97,7.26,-6.72,-2.74,-2.97,-0.07,-6.41,-7.54,2.88,0.75,3.21,-8.14,4.13,13.77,1.8,-4.57,-10.5,-0.94,-4.23,-12.38,-0.5,11.06,-6.75,0.43,7.25,0.87,0.41,-7.88,1.27,10.54,-2.25,3.51,5.14,4.37,2.96,-7.73,-0.79,-5.89,2.38,2.97,5.83,0.72,2.95,2.21,1.42,-3.04,1.77,-2.29,-5.65,-5.31,-1.15,5.32,3.92,1.45,2.8,0.43,7.31,-1.72,0.59,-1.43,-3.33,5.68,1.7,-1.74,0.38,3.8,5.29,3.31,2.35,0.18,12.98,4.64,8.96,-1.69,1.17,2.32,8.29,3.63,-1.42,1.84,-2.79,-2.77,-0.19,3.25,-4.06,3.66,1.17,6.58,2.72,7.26,1.44,5.45,4.08,-5.41,4.65,0.62,3.76,-1.77,-2.59,4.43,1.1,-5.17,-3.5,0.14,0.47,1.98,7.09,-2.13,2.96,2.5,-1.14,-3.91,15.9,5.41,-5,0.28,0.72,2.92,-1.7,-0.03,-3.01,-1.94,8.91,3.3,4.55,-3.46,-0.98,0,3.65,2.63,6.18,3.57,2.53,7.78,-3.15,-8.7,-1.39,-8.96,6.8,6.93,-3.16,4.82,-7.23,5.9,3.02,-2.39,3.2,-0.11,4.92,-0.97,0.78,-6.09,-18.48,5.57,2.97,-0.15,0.11,0.73,-1.69,4.66,12.66,3.3,6.78,6.74,5.19,0.42,1.88,3.42,-0.33,2.5,-1.3,-0.43,3.35,1.8,-4.25,-1.58,-3.09,-2.62,0.92,-4.55
iShares Treasury ETF,,,,,,,,,,,,,,,,,,,,,,,,,,,,,,,,,,,,,,,,,,,,,,,,,,,,,,,,,,,,,,,,,,,,,,,,,,,,,,,,,,,,,,,,,,,,,,,,,,,,,,,,,,,,,,,,,,,,,,,,,,,,,,,,,,,,,,,,,,,,,,,,,,,,,,,,,,,,,,,,,,,,,,,,,,,,,,,,,,,,,,,,,,,,,,,,,2.07,3.72,-0.55,0.04,0.37,0.57,-0.35,-0.03,-0.18,-0.48,0.6,-0.23,1.6,-0.53,-1.25,0.66,-0.55,0.5,-0.33,-0.38,0.42,1.15,0.17,-0.16,0.91,1.44,0.87,0.31,1.09,-0.46,1.13,1.48,1.7,1.93,0.25,0.81,-1.49,-0.16,-1.15,1.4,0.72,0.3,0.23,-1.16,0.41,1.37,1.28,-0.39,0.1,1.35,1.78,0.81,0.34,-0.41,-1.86,-1.89,-0.21,0.57,0.12,0.45,0.81,1.31,-1.1,0.09,-0.08,-0.5,1.23,1.06,-0.76,-0.43,0.24,1.15,-0.57,0.79,0.49,0.1,0.91,-0.62,0.5,0.3,1.9,0.69,1.01,2.12,0.18,2.07,1.08,0.95,1.92,-0.68,-0.69,0.85,-2.08,2.76,1,0.22,-0.44,0.08,0.11,0.32,-0.83,1.26,0.1,-0.34,-0.38,-0.67,-4.22,0.98,0.56,0.29,0.97,1.99,0.2,-1.82,-3.85,2.5,-0.04,-1.04,-1.34,-4.04,-1.53,-1,-1.33
iShares Yield Plus ETF,,,,,,,,,,,,,,,,,,,,,,,,,,,,,,,,,,,,,,,,,,,,,,,,,,,,,,,,,,,,,,,,,,,,,,,,,,,,,,,,,,,,,,,,,,,,,,,,,,,,,,,,,,,,,,,,,,,,,,,,,,,,,,,,,,,,,,,,,,,,,,,,,,,,,,,,,,,,,,,,,,,,,,,,,,,,,,,,,,,,,,,,,,,,,,,,,,,,,,,,,,,,,,,,,,,,,,,,,,,,,,,,,,,,,,,,,,,,,,,,,,,,,,,,,,,,,,,,,,,,,,,,,,,,,,,,,,,,,,,,,,,,,,,,,,,0.45,0.55,0.24,0.12,0.38,0.4,0.05,0.13,-0.23,0.01,0.13,0.1,0.02,0.26,0.1,-0.11,-0.88,0.28,0.06,-0.17,-0.24,-1.01,-0.44,-0.21,-0.34
